<!DOCTYPE suite SYSTEM "http://testng.org/testng-1.0.dtd">
<suite name="B Suite">
<test name="CheckUserExist3">
    <classes> 
         <class name="com.webservice.api.CheckUserExistAPI3"></class>  
    </classes>
</test>
<test name="createUserAPITest_WITH_IFW_3">
    <classes> 
         <class name="com.webservice.api.CreateUserAPI3"></class>  
    </classes>
</test>

<test name="getUserProfileAPITest3">
    <classes> 
         <class name="com.webservice.api.GetUserProfileAPITest3"></class>  
    </classes>
</test>
<test name="UpdateUserAILTest3">
    <classes> 
         <class name="com.webservice.api.UpdateUserAILTest3"></class>  
    </classes>
</test>

<test name="UpdateUserProfile3">
    <classes> 
         <class name="com.webservice.api.UpdateUserProfileAPI3"></class>  
    </classes>
</test>

<test name="SendInvitation3">
    <classes> 
         <class name="com.webservice.api.SendInvitationAPITest3"></class>  
    </classes>
</test>
<test name="UserTrustStatus">
    <classes> 
         <class name="com.webservice.api.UserTrustStatus3"></class>  
    </classes>
</test>
<test name="getUserDetailsByApplication">
    <classes> 
         <class name="com.webservice.api.getUserDetailsByApplication"></class>  
    </classes>
</test>
<test name="getAllUsersByApplication">
    <classes> 
         <class name="com.webservice.api.getAllUsersByApplication"></class>  
    </classes>
</test>


</suite>